Gate,Closed_pipeline_F,Open_pipeline_F
X,0.9882160600703056,0.964050027451844
Z,0.9920494913811779,0.971187888655199
H,0.0027535931633340706,0.005607633839993074
