Gate,Closed_F,Open_F,Abs_drop,Rel_drop_pct
enc,0.9954539385575571,0.9873009556718826,0.008152982885674565,0.8190216111343618
dec,0.9958102282411356,0.9875481199289499,0.008262108312185767,0.8296870305076939
X,0.9961643117699663,0.9879352217995574,0.008229089970408943,0.8260775730649944
Y,0.996323097014382,0.9880632553603139,0.008259841654068123,0.8290324372505128
Z,0.9997800408909943,0.9950685478657069,0.004711493025287394,0.47125295890969754
H,0.9969289025213072,0.9886227960254306,0.008306106495876597,0.8331693940129369
T,0.9997851968308,0.9949718636040921,0.004813333226707961,0.48143673680763166
I,0.9997800408909943,0.9950685478657069,0.004711493025287394,0.47125295890969754
