Gate,Pulse_file,Iterations,Final_bare_F,Best_seen_F_during_opt,Max_pairwise_disc,Wall_clock_s
enc,u_enc_main.npy,,0.9954539804590773,,9.17346947293396e-08,
dec,u_dec_main.npy,,0.9958098670066375,,1.1311018421888974e-06,
X,u_X_main.npy,,0.9961245171789425,,0.00013709435969389006,
Y,u_Y_main.npy,,0.9962878072497655,,0.00011418645104110947,
Z,u_Z_main.npy,,0.9997800408921201,,3.3852920466870273e-12,
H,u_H_main.npy,,0.996928978305406,,2.6697859700774984e-07,
T,u_T_main.npy,,0.9997851968319328,,3.387401470433815e-12,
I,u_I_main.npy,,0.9997800408921201,,3.3852920466870273e-12,
