Gate,N_steps,Duration_ns,Peak_amp_MHz,RMS_amp_MHz,Smoothness_MHz_per_ns,cavity_out_of_band_frac,transmon_out_of_band_frac
U_enc,550,1100.0,3.282899603739514,1.098407479885753,0.03734732293370259,6.260484693572655e-32,6.690677103655311e-32
U_X,550,1100.0,3.3097849270454023,1.04523865087251,0.04468040539459382,6.406169010844134e-32,6.161687854424472e-32
U_Z,550,1100.0,0.8757308914092999,0.25542485286492517,0.00946879975793092,5.613601844068242e-32,7.564537065097349e-32
U_H,550,1100.0,1.9878544057469132,0.7265420073949983,0.03181125068841306,6.763989975649381e-32,7.334757560395538e-32
U_T,550,1100.0,0.8621157812612905,0.25617465410193696,0.009407917177911514,5.810847577728392e-32,6.647899966555687e-32
